,outputs
0,"{'ID': 1, 'name': 'Mobil Center', 'address': 'Алматинская область, Талгарский район, село Гульдала, Кульджинский тракт', 'website': '', 'phone': [], 'social': []}"
1,"{'ID': 2, 'name': 'Вулканизация', 'address': 'ул. Халиуллина, 43/1, Алматы', 'website': '', 'phone': [], 'social': []}"
2,"{'ID': 3, 'name': 'Nash Сервис', 'address': 'ул. Яссауи, 195А, Алматы', 'website': 'nashservice.kz', 'phone': ['+7 (727) 256-40-40'], 'social': ['https://vk.com/nashservicekz']}"
3,"{'ID': 4, 'name': 'Amt service', 'address': 'ул. Кожабекова, 21, село Коксай', 'website': '', 'phone': ['+7 (707) 499-21-13'], 'social': []}"
4,"{'ID': 5, 'name': 'Автосервис', 'address': 'ул. Майлина, 85А/2, Алматы', 'website': '', 'phone': [], 'social': []}"
5,"{'ID': 6, 'name': 'Auto service', 'address': 'Кульджинский тракт, 13/20, село Гульдала', 'website': '', 'phone': [], 'social': []}"
6,"{'ID': 7, 'name': 'Геометрист. КЗ', 'address': '17, микрорайон Сайран, Алматы', 'website': '', 'phone': ['+7 (777) 816-77-33'], 'social': ['https://wa.me/77778167733']}"
7,"{'ID': 8, 'name': 'Tjo', 'address': '13/2, микрорайон Айнабулак-1, Алматы', 'website': '', 'phone': [], 'social': []}"
8,"{'ID': 9, 'name': 'Autogas centre', 'address': 'ул. Гёте, 278/34, Алматы', 'website': '', 'phone': ['+7 (707) 300-22-22'], 'social': []}"
9,"{'ID': 10, 'name': '', 'address': '', 'website': '', 'phone': [], 'social': []}"
10,"{'ID': 11, 'name': 'Авто-Тех-Сервис Гараж № 1', 'address': 'ул. Зейна Шашкина, 29, Алматы', 'website': '', 'phone': [], 'social': ['https://vk.com/club106187802']}"
11,"{'ID': 12, 'name': 'Dongelek jondeu', 'address': 'ул. Бекмаханова, 77А, Алматы', 'website': '', 'phone': [], 'social': []}"
12,"{'ID': 13, 'name': 'Aster, официальный дилер LADA', 'address': 'просп. Суюнбая, 185Д, Алматы', 'website': 'aster.kz', 'phone': ['+7 (700) 836-90-36'], 'social': []}"
13,"{'ID': 14, 'name': 'Установка и реставрация стекол Заправка кондиционеров', 'address': 'ул. Валиханова, 4, Алматы', 'website': '', 'phone': [], 'social': []}"
14,"{'ID': 15, 'name': 'SP-service', 'address': 'Алматы, улица Егизбаева', 'website': '', 'phone': ['+7 (702) 969-99-38'], 'social': []}"
15,"{'ID': 16, 'name': 'Алма-Сервис', 'address': 'ул. Потанина, 224Б, Алматы', 'website': 'almaservice.kz', 'phone': ['+7 (727) 383-10-40'], 'social': ['https://vk.com/almaservice']}"
16,"{'ID': 17, 'name': 'Ford Almaty', 'address': 'Алгабасская ул., 2А, Алматы', 'website': '', 'phone': [], 'social': []}"
17,"{'ID': 18, 'name': 'У Тимофея', 'address': 'просп. Райымбека, 312Б, Алматы', 'website': '', 'phone': ['+7 (777) 300-02-70'], 'social': []}"
18,"{'ID': 19, 'name': 'Автосервис', 'address': '7-я ул., 48, Наурызбайский район, микрорайон Таусамалы, Алматы', 'website': '', 'phone': [], 'social': []}"
19,"{'ID': 20, 'name': 'Legion', 'address': 'Алматинская область, Талгарский район', 'website': '', 'phone': ['+7 (771) 700-22-99'], 'social': []}"
20,"{'ID': 21, 'name': 'СТО Гидравлика', 'address': 'просп. Рыскулова, 53/1, Алматы', 'website': 'www.stogidravlika.kz', 'phone': ['+7 (777) 685-05-01'], 'social': []}"
21,"{'ID': 22, 'name': 'Столовая', 'address': 'ул. Казыбаева, 1Б, Жетысуский район, Алматы', 'website': '', 'phone': [], 'social': []}"
22,"{'ID': 23, 'name': 'Titan-srv', 'address': 'ул. Чурина, 3А, Алматы', 'website': '', 'phone': ['+7 (747) 635-92-98'], 'social': []}"
23,"{'ID': 24, 'name': 'Supply group kz', 'address': 'просп. Аль-Фараби, 134, Алматы', 'website': '', 'phone': [], 'social': []}"
24,"{'ID': 25, 'name': 'Автосервис', 'address': 'ул. Стасова, 82, Алматы', 'website': '', 'phone': [], 'social': []}"
25,"{'ID': 26, 'name': 'Установочный центр Сигналка', 'address': 'ул. Шафика Чокина, 29, Алматы', 'website': '', 'phone': [], 'social': []}"
26,"{'ID': 27, 'name': '', 'address': '', 'website': '', 'phone': [], 'social': []}"
27,"{'ID': 28, 'name': '3D геометрия', 'address': 'ул. Керуентау, 2/4, Ауэзовский район, микрорайон Мамыр, Алматы', 'website': '', 'phone': [], 'social': []}"
28,"{'ID': 29, 'name': 'Техник дизель сервис', 'address': 'ул. Бекмаханова, 98, Алматы', 'website': 'vladleda-tds.kz', 'phone': ['+7 (775) 371-99-99'], 'social': []}"
29,"{'ID': 30, 'name': 'СТО кузовные работы', 'address': 'Алматы, Турксибский район', 'website': '', 'phone': [], 'social': []}"
30,"{'ID': 31, 'name': 'СТО', 'address': 'ул. Потанина, 40, Алматы', 'website': '', 'phone': [], 'social': []}"
31,"{'ID': 32, 'name': 'Red Scorpion', 'address': 'ул. Карасай Батыра, 212, Алматы', 'website': '', 'phone': ['+7 (727) 374-31-56'], 'social': []}"
32,"{'ID': 33, 'name': 'RealcarAuto', 'address': 'ул. Латифа Кыдырбекова, 34, Наурызбайский район, микрорайон Калкаман-2, Алматы', 'website': '', 'phone': [], 'social': []}"
33,"{'ID': 34, 'name': 'Best Service', 'address': 'Станционная ул., 4, Алматы', 'website': 'bestservice.kz', 'phone': ['+7 (775) 888-50-72'], 'social': []}"
34,"{'ID': 35, 'name': 'ХайТекСервис', 'address': 'ул. Казыбек Тауасарулы, 13А, Бостандыкский район, микрорайон Нур Алатау, Алматы', 'website': 'ktt.kz', 'phone': ['+7 (727) 302-13-87'], 'social': []}"
35,"{'ID': 36, 'name': 'Mk oil пункт замены масла', 'address': 'ул. Фаризы Онгарсыновой, 218, Алматы', 'website': '', 'phone': ['+7 (700) 964-85-50'], 'social': []}"
36,"{'ID': 37, 'name': 'Аргон кемпи', 'address': 'Алматы, Алатауский район', 'website': '', 'phone': [], 'social': []}"
37,"{'ID': 38, 'name': 'Formula7', 'address': 'ул. Байтурсынова, 131, Алматы', 'website': 'f7.kz', 'phone': ['+7 (707) 707-72-10'], 'social': ['https://wa.me/77077077210', 'https://www.youtube.com/channel/UCz-eFcy44aEYHge39f3cwzA']}"
38,"{'ID': 39, 'name': 'Sct Service', 'address': 'ул. Макатаева, 129В, Алматы', 'website': 'sct-almaty.kz', 'phone': ['+7 (705) 931-88-77'], 'social': []}"
39,"{'ID': 40, 'name': 'Автосервис Mitsubishi Алматы', 'address': 'Санаторная ул., 5, микрорайон Баганашыл, Алматы', 'website': 'mitsumotors.kz', 'phone': ['+7 (700) 577-75-13'], 'social': []}"
40,"{'ID': 41, 'name': 'Центр ремонта рулевых реек', 'address': 'просп. Рыскулова, 68Е, Алматы', 'website': '', 'phone': ['+7 (777) 035-84-85'], 'social': []}"
41,"{'ID': 42, 'name': 'Mercedes-Benz Service', 'address': 'ул. Яблочкова, 21, Алматы', 'website': '', 'phone': ['+7 (777) 122-22-28'], 'social': []}"
42,"{'ID': 43, 'name': 'Toyota City', 'address': 'Кульджинский тракт, 120, Алматы', 'website': 'toyota-city.kz', 'phone': ['+7 (701) 006-38-15'], 'social': ['https://www.youtube.com/channel/UC4snJmUBBqEKtyuQvXH-udQ']}"
43,"{'ID': 44, 'name': 'Геометрия', 'address': 'Центральная ул., 16А, Алатауский район, микрорайон Карасу, Алматы', 'website': '', 'phone': ['+7 (727) 297-25-97'], 'social': []}"
44,"{'ID': 45, 'name': 'Mobil 1 центр', 'address': 'ул. Палладина, 172А, Алматы', 'website': 'm1c.kz', 'phone': ['+7 (771) 338-05-05'], 'social': ['https://vk.com/mobilrussia']}"
45,"{'ID': 46, 'name': 'Avi-Avto', 'address': 'ул. Карасай Батыра, 229, Алматы', 'website': '', 'phone': ['+7 (707) 828-38-30'], 'social': ['https://viber.click/77078283830', 'https://wa.me/77078283830']}"
46,"{'ID': 47, 'name': 'Ремонт радиаторов', 'address': '70/8, Алатауский район, квартал КазМиС, Алматы', 'website': '', 'phone': [], 'social': []}"
47,"{'ID': 48, 'name': 'Expert Oil', 'address': 'просп. Сакена Сейфуллина, 260А, Алматы', 'website': 'www.expertoil.kz', 'phone': ['+7 (700) 978-70-00 (доб. 104)'], 'social': []}"
48,"{'ID': 49, 'name': 'Sct Service', 'address': 'ул. Муканова, 144, Алматы', 'website': '', 'phone': ['+7 (727) 378-48-09'], 'social': []}"
49,"{'ID': 50, 'name': 'Автосервис', 'address': 'Алматинская область, Карасайский район, село Иргели, улица Шугыла', 'website': '', 'phone': [], 'social': []}"
50,"{'ID': 51, 'name': 'A Service', 'address': 'ул. Жансугурова, 194, Алматы', 'website': '', 'phone': ['+7 (777) 838-15-44'], 'social': []}"
51,"{'ID': 52, 'name': 'СТО', 'address': '13/1, микрорайон Айнабулак-1, Алматы', 'website': '', 'phone': [], 'social': []}"
52,"{'ID': 53, 'name': 'Мелкосрочный ремонт', 'address': 'Алматы, Алатауский район', 'website': '', 'phone': [], 'social': []}"
53,"{'ID': 54, 'name': 'Впрыск', 'address': 'ул. Тажибаевой, 171А, Алматы', 'website': '', 'phone': [], 'social': []}"
54,"{'ID': 55, 'name': 'Lubell service', 'address': 'ул. Емцова, 18, Алматы', 'website': '', 'phone': ['+7 (727) 229-41-90'], 'social': ['https://wa.me/77773441616']}"
55,"{'ID': 56, 'name': 'Autopersona', 'address': 'ул. Дегтярёва, 32, Алматы', 'website': 'auto-persona.kz', 'phone': ['+7 (727) 328-63-13'], 'social': []}"
56,"{'ID': 57, 'name': 'Hyundai Premium Al-Farabi', 'address': 'просп. Аль-Фараби, 107/1, Алматы', 'website': 'hyundai-premium.kz', 'phone': ['+7 (727) 333-19-10'], 'social': ['https://t.me/hyundai_almaty_bot']}"
57,"{'ID': 58, 'name': 'Arystan', 'address': 'просп. Райымбека, 407, Алматы', 'website': 'arystan-akb.kz', 'phone': ['+7 (708) 167-11-85'], 'social': []}"
58,"{'ID': 59, 'name': 'Вторая Жена', 'address': 'ул. Жарокова, 245А, Алматы', 'website': '2zhena.kz', 'phone': [], 'social': []}"
59,"{'ID': 60, 'name': 'Bora Oil Service', 'address': 'ул. Мамыр, 1А/4, Алматы', 'website': '', 'phone': [], 'social': []}"
60,"{'ID': 61, 'name': 'Fara-master. Kz', 'address': 'ул. Желтоксан, 37, Алматы', 'website': 'www.fara-master.kz', 'phone': ['+7 (705) 587-22-58'], 'social': []}"
61,"{'ID': 62, 'name': 'СТО', 'address': 'Алматы, улица Ахметова', 'website': '', 'phone': [], 'social': []}"
62,"{'ID': 63, 'name': 'Prestige', 'address': 'ул. Казыбаева, 1Б, Жетысуский район, Алматы', 'website': '', 'phone': [], 'social': []}"
63,"{'ID': 64, 'name': 'СТО Sim', 'address': 'ул. Егизбаева, 9, Алматы', 'website': 'remont-dsg.kz', 'phone': ['+7 (705) 400-96-41'], 'social': []}"
64,"{'ID': 65, 'name': 'Ремонт глушителей', 'address': 'Алматы, Наурызбайский район, микрорайон Таусамалы, улица Кунаева', 'website': '', 'phone': [], 'social': []}"
65,"{'ID': 66, 'name': 'Субарик', 'address': 'ул. Кожамкулова, 56, Алматы', 'website': '', 'phone': [], 'social': []}"
66,"{'ID': 67, 'name': 'BMW Motors', 'address': 'ул. Жангельдина, 214А, Алматы', 'website': 'bmw-motors-car-service.business.site', 'phone': ['+7 (727) 290-09-00'], 'social': ['http://t.me/bmwservice_almaty']}"
67,"{'ID': 68, 'name': '4х4 Life', 'address': 'просп. Рыскулова, 82/2, Алматы', 'website': 'www.4x4life.kz', 'phone': ['+7 (777) 777-04-44'], 'social': []}"
68,"{'ID': 69, 'name': 'Sap Service', 'address': '17Б, микрорайон Аксай-4, Алматы', 'website': '', 'phone': ['+7 (727) 277-80-82 (доб. 134)'], 'social': ['https://wa.me/77771993938', 'https://www.youtube.com/channel/UC679C5hqS1SM6khMa_JAlUg']}"
69,"{'ID': 70, 'name': 'Diskokras. kz', 'address': 'ул. Казыбек Би, 155, Алматы', 'website': 'diskokras.kz', 'phone': ['+7 (707) 808-40-04'], 'social': []}"
70,"{'ID': 71, 'name': 'Real service', 'address': 'ул. Менжинского, 55, Алматы', 'website': 'realservicealmaty.kz', 'phone': ['+7 (777) 777-77-43'], 'social': []}"
71,"{'ID': 72, 'name': 'СТО', 'address': 'ул. Тлендиева, 2А, Алматы', 'website': '', 'phone': ['+7 (777) 010-69-40'], 'social': []}"
72,"{'ID': 73, 'name': 'Aksu', 'address': 'ул. Фаризы Онгарсыновой, 220, Алматы', 'website': '', 'phone': [], 'social': []}"
73,"{'ID': 74, 'name': 'BuMerW', 'address': 'ул. Березовского, 15, Алматы', 'website': 'www.bmw-almaty.com', 'phone': ['+7 (701) 733-16-44'], 'social': []}"
74,"{'ID': 75, 'name': 'МиГ', 'address': 'ул. Тимофеева, 12, Алматы', 'website': 'mig-service.kz', 'phone': ['+7 (727) 247-67-47'], 'social': []}"
75,"{'ID': 76, 'name': 'Avtovaz service', 'address': 'ул. Касыма Шарипова, 110, Алатауский район, микрорайон Акбулак, Алматы', 'website': 'avtovaz-service.kz', 'phone': ['+7 (706) 808-08-87'], 'social': ['https://wa.me/77068080887', 'https://youtube.com/channel/UC07vntKXYgMYabup4s6Ry0Q']}"
76,"{'ID': 77, 'name': 'Шатун', 'address': 'ул. Лавренева, 26, Алматы', 'website': '', 'phone': ['+7 (707) 583-55-77'], 'social': []}"
77,"{'ID': 78, 'name': 'Автосервис', 'address': 'ул. Шамшырак, 29, Алматы', 'website': '', 'phone': [], 'social': []}"
78,"{'ID': 79, 'name': 'Iron', 'address': 'ул. Ауэзова, 122Г, Алматы', 'website': 'iron-detailing.kz', 'phone': ['+7 (777) 033-33-01'], 'social': []}"
79,"{'ID': 80, 'name': 'Zapchasti. kz', 'address': 'просп. Райымбека, 251/2, Алматы', 'website': 'zapchasti.kz', 'phone': ['+7 (747) 778-88-86'], 'social': ['https://vk.com/public205397784']}"
80,"{'ID': 81, 'name': 'Анес', 'address': 'ул. Яссауи, 2В, Алматы', 'website': '', 'phone': ['+7 (701) 943-00-04'], 'social': []}"
81,"{'ID': 82, 'name': 'СТО', 'address': 'просп. Сакена Сейфуллина, 597Б, Алматы', 'website': '', 'phone': [], 'social': []}"
82,"{'ID': 83, 'name': 'Автосалон Вираж', 'address': 'просп. Райымбека, 173, Алматы', 'website': 'www.virazh.kz', 'phone': ['+7 (727) 356-02-48'], 'social': ['https://www.youtube.com/channel/UCjhgVKoM9x3jLJ75rvwO8iQ']}"
83,"{'ID': 84, 'name': 'Беркут', 'address': 'ул. Барыс, 110, Алматы', 'website': '', 'phone': [], 'social': []}"
84,"{'ID': 85, 'name': 'Вулканизация', 'address': '19Д, микрорайон Аксай-4, Алматы', 'website': '', 'phone': [], 'social': []}"
85,"{'ID': 86, 'name': 'Тойота центр Жетысу', 'address': 'просп. Райымбека, 505, Алматы', 'website': 'www.toyota7su.kz', 'phone': ['+7 (727) 313-15-05'], 'social': []}"
86,"{'ID': 87, 'name': 'Автосервис', 'address': 'ул. Бекмаханова, 77А, Алматы', 'website': '', 'phone': [], 'social': []}"
87,"{'ID': 88, 'name': 'Автосервис, автотехцентр', 'address': 'ул. Ырысты, 46/4, Алатауский район, Алматы', 'website': '', 'phone': [], 'social': []}"
88,"{'ID': 89, 'name': 'Stoduman', 'address': 'Суюнбая ул., 40/1, село Бесагаш', 'website': 'stoduman-car-service.business.site', 'phone': [], 'social': []}"
89,"{'ID': 90, 'name': 'Шиномонтаж', 'address': 'ул. Северное Кольцо, 13/1, Алматы', 'website': '', 'phone': [], 'social': []}"
90,"{'ID': 91, 'name': 'Hyundai', 'address': 'просп. Суюнбая, 245А, Алматы', 'website': 'almaty.hyundai.kz', 'phone': ['+7 (727) 333-19-07'], 'social': ['https://www.youtube.com/channel/UC9YO09L6LRJhd9vYgJDoLmw/featured']}"
91,"{'ID': 92, 'name': 'Автостоп', 'address': 'ул. Акан Серы, 143А, Алматы', 'website': '', 'phone': ['+7 (705) 700-66-55'], 'social': []}"
92,"{'ID': 93, 'name': 'Фартовый', 'address': 'просп. Аль-Фараби, 71/16, Алматы', 'website': '', 'phone': ['+7 (771) 477-77-45'], 'social': ['https://wa.me/8747919900087714777745']}"
93,"{'ID': 94, 'name': 'Автосервис', 'address': '38А/1, микрорайон Аксай-3Б, Алматы', 'website': '', 'phone': [], 'social': []}"
94,"{'ID': 95, 'name': 'Автосервис', 'address': 'ул. Муратбаева, 140, Алматы', 'website': '', 'phone': [], 'social': []}"
95,"{'ID': 96, 'name': 'СТО', 'address': 'Центральная ул., 62, Алатауский район, микрорайон Томирис, Алматы', 'website': '', 'phone': [], 'social': []}"
96,"{'ID': 97, 'name': ""DA'Car"", 'address': 'ул. Жайдарман, 74, микрорайон Достык, Алматы', 'website': '', 'phone': ['+7 (778) 000-31-37'], 'social': []}"
97,"{'ID': 98, 'name': 'Замена колодок', 'address': 'Алматы, Алатауский район', 'website': '', 'phone': [], 'social': []}"
98,"{'ID': 99, 'name': 'Formula 1', 'address': 'ул. Димитрова, 2, Алматы', 'website': '', 'phone': [], 'social': []}"
99,"{'ID': 100, 'name': 'Start', 'address': 'просп. Рыскулова, 66А, Алматы', 'website': '', 'phone': ['+7 (727) 328-60-62'], 'social': ['https://vk.com/club106412010']}"
100,"{'ID': 101, 'name': 'Ильнарус', 'address': '27В, микрорайон Кокмайса, Алматы', 'website': '', 'phone': ['+7 (747) 192-76-41'], 'social': []}"
101,"{'ID': 102, 'name': 'Дөңгелек жөндеу', 'address': 'ул. Рудзутака, 31, Алматы', 'website': '', 'phone': [], 'social': []}"
102,"{'ID': 103, 'name': 'Офис', 'address': 'просп. Рыскулова, 57, Алматы', 'website': 'cbc-group.kz', 'phone': ['+7 (727) 308-20-45'], 'social': ['http://youtube.com/channel/UCEHhJCsB81bvat3diuz2v3A', 'https://vk.com/cbcgroupkz']}"
103,"{'ID': 104, 'name': 'Road', 'address': '81, микрорайон Мамыр-4, Алматы', 'website': '', 'phone': ['+7 (727) 380-02-36'], 'social': []}"
104,"{'ID': 105, 'name': 'Акжол', 'address': 'ул. Толе Би, 216Д, Алматы', 'website': '', 'phone': ['+7 (707) 947-68-50'], 'social': []}"
105,"{'ID': 106, 'name': 'Samsung Galaxy', 'address': 'просп. Абылай Хана, 62, Алматы', 'website': '', 'phone': [], 'social': []}"
106,"{'ID': 107, 'name': 'Asel', 'address': 'ул. Толе Би, 209, Алматы', 'website': '', 'phone': [], 'social': []}"
107,"{'ID': 108, 'name': 'Gt oil service', 'address': 'ул. Тлендиева, 377А, Алматы', 'website': 'gtoilservice.kz', 'phone': ['+7 (778) 777-07-53'], 'social': []}"
108,"{'ID': 109, 'name': 'ИП SV PARTS', 'address': 'ул. Бокейханова, 124, Алматы', 'website': 'www.automag-service.kz', 'phone': ['+7 (727) 297-48-00'], 'social': []}"
109,"{'ID': 110, 'name': 'Amigo', 'address': 'ул. Карасай Батыра, 254, Алматы', 'website': '', 'phone': ['+7 (747) 585-60-63'], 'social': []}"
110,"{'ID': 111, 'name': 'СТО', 'address': 'ул. Актамберды Жырау, 25, Алматы', 'website': '', 'phone': ['+7 (747) 405-71-14'], 'social': []}"
111,"{'ID': 112, 'name': 'Аспект', 'address': 'ул. Аносова, 91, Алматы', 'website': '', 'phone': ['+7 (705) 728-84-39'], 'social': []}"
112,"{'ID': 113, 'name': 'Лада Сервис', 'address': 'просп. Райымбека, 212/17, Алматы', 'website': 'ladaservice.kz', 'phone': ['+7 (777) 999-37-70'], 'social': ['https://vk.com/ladaservicealmaty']}"
113,"{'ID': 114, 'name': 'Tanauto', 'address': 'просп. Райымбека, 169А, Алматы', 'website': 'tanauto.kz', 'phone': ['+7 (727) 347-00-26'], 'social': []}"
114,"{'ID': 115, 'name': 'СВС', 'address': 'просп. Рыскулова, 57В, Алматы', 'website': 'cbc-group.kz', 'phone': ['+7 (707) 707-72-10'], 'social': ['https://wa.me/77077077210', 'https://www.youtube.com/channel/UCEHhJCsB81bvat3diuz2v3A']}"
115,"{'ID': 116, 'name': 'Ns Japan Cars', 'address': 'просп. Сакена Сейфуллина, 260А, Алматы', 'website': '', 'phone': ['+7 (727) 386-11-00'], 'social': []}"
116,"{'ID': 117, 'name': 'Car-Scanner', 'address': 'Верненская ул., 52, Алматы', 'website': 'car-scanner.kz', 'phone': ['+7 (707) 117-75-50'], 'social': []}"
117,"{'ID': 118, 'name': '', 'address': '', 'website': '', 'phone': [], 'social': []}"
118,"{'ID': 119, 'name': 'Гараж45', 'address': 'ул. Толе Би, 293А, Алматы', 'website': '', 'phone': ['+7 (707) 275-60-48'], 'social': []}"
119,"{'ID': 120, 'name': 'Mb Service Centre', 'address': 'просп. Суюнбая, 159, Алматы', 'website': 'www.mbservice.kz', 'phone': ['+7 (727) 290-05-05'], 'social': []}"
120,"{'ID': 121, 'name': 'Mega Моторс', 'address': 'Кульджинский тракт, 4Б, Алматы', 'website': 'megamotors.kz', 'phone': ['+7 (727) 222-59-50'], 'social': []}"
121,"{'ID': 122, 'name': 'Dialog After Sale', 'address': 'ул. Таштитова, 62, Алматы', 'website': 'dialog-a-s.kz', 'phone': ['+7 (708) 712-37-10'], 'social': []}"
122,"{'ID': 123, 'name': 'СТО', 'address': 'Алматинская область, село Туздыбастау, улица Сыргабековой', 'website': '', 'phone': [], 'social': []}"
123,"{'ID': 124, 'name': 'СТО', 'address': 'ул. Жубанова, 5Б, Алматы', 'website': '', 'phone': ['+7 (727) 327-76-96'], 'social': []}"
124,"{'ID': 125, 'name': 'Formula7', 'address': 'просп. Рыскулова, 57В, Алматы', 'website': 'f7.kz', 'phone': ['+7 (707) 707-72-10'], 'social': ['https://www.youtube.com/channel/UCz-eFcy44aEYHge39f3cwzA']}"
125,"{'ID': 126, 'name': 'Мир колодок', 'address': 'ул. Орманова, 15А, Алматы', 'website': 'mirkolodok.kz', 'phone': ['+7 (727) 317-02-30'], 'social': ['https://vk.com/club164990711']}"
126,"{'ID': 127, 'name': 'Тормозная система', 'address': 'ул. Жубанова, 5Б, Алматы', 'website': '', 'phone': ['+7 (705) 419-55-42'], 'social': []}"
127,"{'ID': 128, 'name': 'Avto service', 'address': 'ул. Жандосова, 98, Алматы', 'website': '', 'phone': [], 'social': []}"
128,"{'ID': 129, 'name': 'Bauten', 'address': 'Алматы, Алатауский район, микрорайон Мадениет', 'website': 'bauten.kz', 'phone': ['+7 (747) 481-56-58'], 'social': []}"
129,"{'ID': 130, 'name': 'Темiр Авто', 'address': 'ул. Аносова, 129, Алматы', 'website': '', 'phone': ['+7 (701) 313-14-75'], 'social': []}"
130,"{'ID': 131, 'name': 'Mitsuba', 'address': 'просп. Райымбека, 156, Алматы', 'website': '', 'phone': ['+7 (707) 141-48-62'], 'social': []}"
131,"{'ID': 132, 'name': 'Сервисный центр по ремонту коробок автомат', 'address': 'ул. Абдирова, 4, Алматы', 'website': '', 'phone': ['+7 (707) 292-90-04'], 'social': []}"
132,"{'ID': 133, 'name': 'Моторный цех', 'address': 'ул. Папанина, 20, Алматы', 'website': 'remontmotora.kz', 'phone': ['+7 (777) 253-38-61'], 'social': ['https://wa.me/77478115330']}"
133,"{'ID': 134, 'name': 'ТентСервисАлматы', 'address': 'просп. Рыскулова, 61, Алматы', 'website': 'tentservisalmaty.business.site', 'phone': ['+7 (727) 317-31-59'], 'social': []}"
134,"{'ID': 135, 'name': 'Shell', 'address': 'просп. Райымбека, 184, Алматы', 'website': '', 'phone': [], 'social': []}"
135,"{'ID': 136, 'name': 'Liqui Moly', 'address': 'просп. Райымбека, 373А, Алматы', 'website': '', 'phone': ['+7 (777) 481-67-32'], 'social': ['http://wa.me/77776198384']}"
136,"{'ID': 137, 'name': 'СТО', 'address': 'Ташкентский тракт, 14/1, Алматы', 'website': '', 'phone': ['+7 (701) 818-77-77'], 'social': []}"
137,"{'ID': 138, 'name': 'Автосервис', 'address': 'ул. Василия Бенберина, 3, Алматы', 'website': '', 'phone': [], 'social': []}"
138,"{'ID': 139, 'name': 'Atiker', 'address': 'ул. Тау Самал, 1А, Алатауский район, микрорайон Теректы, Алматы', 'website': '', 'phone': [], 'social': []}"
139,"{'ID': 140, 'name': 'Rs-service', 'address': 'ул. Кожамкулова, 56, Алматы', 'website': 'rsservicekz.business.site', 'phone': ['+7 (777) 111-04-44'], 'social': []}"
140,"{'ID': 141, 'name': 'Сервисные работы', 'address': 'Алматинская область, Карасайский район, село Иргели, улица Исагулова', 'website': '', 'phone': [], 'social': []}"
141,"{'ID': 142, 'name': 'Nurly jol', 'address': 'ул. Суюнбая, 10/2, село Райымбек', 'website': '', 'phone': ['+7 (775) 400-88-87'], 'social': []}"
142,"{'ID': 143, 'name': 'СТО', 'address': 'ул. Болотхана Тайжана, 50Б, Наурызбайский район, микрорайон Калкаман-3, Алматы', 'website': '', 'phone': [], 'social': []}"
143,"{'ID': 144, 'name': 'Pozitiv', 'address': 'ул. Бекмаханова, 63, Алматы', 'website': '', 'phone': ['+7 (708) 912-37-93'], 'social': []}"
144,"{'ID': 145, 'name': 'Автосервис для грузовых автомобилей Мерседес', 'address': 'просп. Райымбека, 519/18, Алматы', 'website': '', 'phone': [], 'social': []}"
145,"{'ID': 146, 'name': 'Автоэстетика', 'address': 'просп. Достык, 105, Алматы', 'website': 'avtoestetika.kz', 'phone': ['+7 (705) 123-44-43'], 'social': ['http://youtube.com/channel/UCAbovj-ia4B0zA96SRDAOog', 'https://vk.com/avtoestetika_kz']}"
146,"{'ID': 147, 'name': 'СТО', 'address': 'ул. Азербайжана Мамбетова, 2/26, Алатауский район, микрорайон Кок-Кайнар, Алматы', 'website': '', 'phone': [], 'social': []}"
147,"{'ID': 148, 'name': 'Экспресс-пункт замены масла', 'address': 'ул. Есенжанова, 47, Алматы', 'website': '', 'phone': ['+7 (727) 317-35-25'], 'social': []}"
148,"{'ID': 149, 'name': 'Автолига', 'address': '22Б, микрорайон 10А, Алматы', 'website': 'autoliga.ucoz.net', 'phone': ['+7 (727) 301-08-99'], 'social': []}"
149,"{'ID': 150, 'name': 'Автосервис', 'address': 'Алматинская область, Илийский район, посёлок Боралдай', 'website': '', 'phone': [], 'social': []}"
150,"{'ID': 151, 'name': '', 'address': '', 'website': '', 'phone': [], 'social': []}"
151,"{'ID': 152, 'name': 'Автосервис', 'address': 'ул. Сатпаева, 88, Алматы', 'website': '', 'phone': [], 'social': []}"
152,"{'ID': 153, 'name': 'Delphi', 'address': 'ул. Хмельницкого, 28, Алматы', 'website': '', 'phone': [], 'social': []}"
153,"{'ID': 154, 'name': 'Avtodiagnostika.kz', 'address': '9, микрорайон Кулагер, Алматы', 'website': '', 'phone': [], 'social': []}"
154,"{'ID': 155, 'name': 'Город Мастеров', 'address': 'ул. Толе Би, 300А, Алматы', 'website': 'painter-1048.business.site', 'phone': [], 'social': []}"
155,"{'ID': 156, 'name': 'Teyes', 'address': 'ул. Тургута Озала, 260, Алматы', 'website': 'teyes.kz', 'phone': ['+7 (707) 978-89-99'], 'social': []}"
156,"{'ID': 157, 'name': 'Механик', 'address': 'Алматы, Алатауский район, микрорайон Ожет', 'website': '', 'phone': [], 'social': []}"
157,"{'ID': 158, 'name': 'Shamo СТО', 'address': 'ул. Немировича-Данченко, 44А, Алматы', 'website': '', 'phone': ['+7 (727) 240-05-81'], 'social': []}"
158,"{'ID': 159, 'name': 'Shell Service', 'address': 'ул. Валиханова, 4/3, Алматы', 'website': '', 'phone': ['+7 (727) 273-30-90'], 'social': []}"
159,"{'ID': 160, 'name': 'Тжо СТО', 'address': 'Петрозаводская ул., 117, Алматы', 'website': '', 'phone': [], 'social': []}"
160,"{'ID': 161, 'name': 'Карасу', 'address': 'ул. Северное Кольцо, 41, Алматы', 'website': '', 'phone': [], 'social': []}"
161,"{'ID': 162, 'name': 'Гарант', 'address': 'ул. Гёте, 241, Алматы', 'website': '', 'phone': ['+7 (727) 251-08-08'], 'social': []}"
162,"{'ID': 163, 'name': 'Subaru', 'address': 'Тюлькубасская ул., 2, Алматы', 'website': 'subaru-almaty.kz', 'phone': ['+7 (727) 333-19-09'], 'social': ['http://youtube.com/channel/UC_Ih-LrZIhQvqqLG6VUmFmw']}"
163,"{'ID': 164, 'name': 'Автосервис, автотехцентр', 'address': 'Алматинская область, Карасайский район', 'website': '', 'phone': [], 'social': []}"
164,"{'ID': 165, 'name': 'CarX motorsport', 'address': 'ул. Гёте, 406, Алматы', 'website': '', 'phone': [], 'social': []}"
165,"{'ID': 166, 'name': 'Texar', 'address': 'просп. Райымбека, 432А, Алматы', 'website': '', 'phone': ['+7 (705) 111-23-51'], 'social': []}"
166,"{'ID': 167, 'name': 'Тжо', 'address': 'Алматы, квартал Алмалы', 'website': '', 'phone': [], 'social': []}"
167,"{'ID': 168, 'name': 'Ultra', 'address': 'ул. Муратбаева, 140, Алматы', 'website': '', 'phone': ['+7 (775) 222-77-44'], 'social': []}"
168,"{'ID': 169, 'name': 'Ваулер', 'address': 'ул. Котельникова, 50, корп. 1, Алматы', 'website': 'vauler.com', 'phone': ['+7 (707) 911-79-29'], 'social': []}"
169,"{'ID': 170, 'name': 'Автосервис', 'address': 'Алматинская область, Талгарский район, село Бесагаш', 'website': '', 'phone': ['+7 (747) 427-20-96'], 'social': []}"
170,"{'ID': 171, 'name': 'СТО', 'address': 'просп. Райымбека, 190, Алматы', 'website': '', 'phone': ['+7 (707) 102-74-31'], 'social': []}"
171,"{'ID': 172, 'name': 'Мастер Пластик', 'address': 'просп. Сакена Сейфуллина, 379, Алматы', 'website': 'www.master-plastik.kz', 'phone': ['+7 (727) 383-08-05'], 'social': []}"
172,"{'ID': 173, 'name': 'Best Service', 'address': 'ул. Казыбаева, 82, Жетысуский район, Алматы', 'website': 'www.bestservice.kz', 'phone': ['+7 (705) 773-43-73'], 'social': []}"
173,"{'ID': 174, 'name': 'Автосервис', 'address': 'ул. Муратбаева, 195, Алматы', 'website': '', 'phone': ['+7 (701) 410-86-01'], 'social': []}"
174,"{'ID': 175, 'name': 'Oilbt. kz', 'address': 'ул. Толе Би, 285Г, Алматы', 'website': 'oilbt.kz', 'phone': ['+7 (701) 218-26-75'], 'social': []}"
175,"{'ID': 176, 'name': 'Real Service', 'address': 'ул. Зейна Шашкина, 29, Алматы', 'website': 'realservicealmaty.kz', 'phone': ['+7 (777) 777-77-43'], 'social': []}"
176,"{'ID': 177, 'name': 'СТО', 'address': 'ул. Лазарева, 93, Алматы', 'website': '', 'phone': ['+7 (747) 582-38-60'], 'social': ['http://youtube.com/channel/UC83kjI8vv4TQ-yLWy8YH6gg']}"
177,"{'ID': 178, 'name': 'Profiakpp. kz', 'address': 'ул. Сатпаева, 139, Алматы', 'website': '', 'phone': ['+7 (708) 670-95-32'], 'social': []}"
178,"{'ID': 179, 'name': 'Astom 1', 'address': 'ул. Басенова, 11, Алматы', 'website': 'oilbt.kz', 'phone': ['+7 (707) 227-22-28'], 'social': []}"
179,"{'ID': 180, 'name': 'Bavaria', 'address': 'просп. Аль-Фараби, 107, Алматы', 'website': 'www.bavaria.kz', 'phone': ['+7 (727) 333-19-05'], 'social': ['https://www.youtube.com/channel/UCMudjCZpxsTtK8y0T_KqhOw']}"
180,"{'ID': 181, 'name': 'Iron Logic', 'address': 'ул. Тургута Озала, 167, Алматы', 'website': '', 'phone': ['+7 (705) 181-16-33'], 'social': []}"
181,"{'ID': 182, 'name': 'Red Star', 'address': 'просп. Райымбека, 528/1, Алматы', 'website': '', 'phone': ['+7 (701) 922-96-51'], 'social': []}"
182,"{'ID': 183, 'name': 'Trd auto', 'address': 'Минусинская ул., 17, Алматы', 'website': '', 'phone': [], 'social': []}"
183,"{'ID': 184, 'name': 'Автосервис, автотехцентр', 'address': 'Алматы, микрорайон Мамыр-4', 'website': '', 'phone': [], 'social': []}"
184,"{'ID': 185, 'name': 'Romax', 'address': 'ул. Желмая, 29, Алматы', 'website': '', 'phone': ['+7 (707) 222-14-97'], 'social': ['https://vk.com/sto_romax']}"
185,"{'ID': 186, 'name': 'Корея центр', 'address': '57А, микрорайон Баянаул, Алматы', 'website': '', 'phone': [], 'social': []}"
186,"{'ID': 187, 'name': 'Автопилот', 'address': 'ул. Нурмакова, 14, Алматы', 'website': 'www.avtopilot.kz', 'phone': ['+7 (727) 378-99-41'], 'social': ['https://vk.com/club67273266']}"
187,"{'ID': 188, 'name': 'Zeus', 'address': 'ул. Жарокова, 245А, Алматы', 'website': '', 'phone': ['+7 (707) 109-10-61'], 'social': []}"
188,"{'ID': 189, 'name': 'СТО', 'address': 'ул. Сураншы батыра, 5, Наурызбайский район, микрорайон Калкаман-2, Алматы', 'website': '', 'phone': [], 'social': []}"
189,"{'ID': 190, 'name': 'Камкор. Гранд. Сервис', 'address': 'просп. Райымбека, 548, Алматы', 'website': '', 'phone': ['+7 (727) 269-00-07'], 'social': []}"
190,"{'ID': 191, 'name': '', 'address': '', 'website': '', 'phone': [], 'social': []}"
191,"{'ID': 192, 'name': 'Standard Oil', 'address': 'просп. Райымбека, 517/6, Алматы', 'website': 'www.standardoil.kz', 'phone': ['+7 (747) 815-79-43'], 'social': []}"
192,"{'ID': 193, 'name': 'Автосервис', 'address': 'ул. Барыс, 129, Алматы', 'website': '', 'phone': [], 'social': []}"
193,"{'ID': 194, 'name': 'Nissan Patrol Сервис', 'address': 'просп. Рыскулова, 130А, Алматы', 'website': 'www.nissan-service.kz', 'phone': ['+7 (705) 230-50-50'], 'social': ['https://viber.click/77052305050', 'https://wa.me/77052305050']}"
194,"{'ID': 195, 'name': 'Air Cool Service', 'address': 'ул. Шемякина, 39, Алматы', 'website': 'aircool.kz', 'phone': ['+7 (701) 622-38-22'], 'social': []}"
195,"{'ID': 196, 'name': 'Denso Service', 'address': 'Омская ул., 125А, Алматы', 'website': 'densoservice.kz', 'phone': ['+7 (727) 317-22-89'], 'social': ['https://vk.com/club45294779']}"
196,"{'ID': 197, 'name': 'Алонс', 'address': 'ул. Утемисова, 2/10, Алатауский район, микрорайон Шанырак-1, Алматы', 'website': 'alons.kz', 'phone': ['+7 (727) 278-97-35'], 'social': []}"
197,"{'ID': 198, 'name': 'СТО', 'address': 'Алматинская область, село Туздыбастау, квартал Шыгыс-2', 'website': '', 'phone': [], 'social': []}"
198,"{'ID': 199, 'name': 'Gentoo', 'address': 'ул. Казыбаева, 1, Жетысуский район, Алматы', 'website': 'autotech.kz', 'phone': ['+7 (727) 364-60-99'], 'social': ['http://youtube.com/channel/UCwocPKAjft5SZnz6Cy3iFuQ']}"
199,"{'ID': 200, 'name': 'Skoda garage Almaty', 'address': 'ул. Сарыарка, 24, микрорайон Думан-1, Алматы', 'website': '', 'phone': ['+7 (707) 735-07-99'], 'social': []}"
200,"{'ID': 201, 'name': 'Авто ГАЗ сервис', 'address': 'Ташкентский тракт, 525/1, Алматы', 'website': '', 'phone': ['+7 (705) 173-97-97'], 'social': []}"
201,"{'ID': 202, 'name': 'Vehicle Details', 'address': 'просп. Рыскулова, 45, Алматы', 'website': 'vymaps.com', 'phone': ['+7 (727) 384-36-36'], 'social': []}"
202,"{'ID': 203, 'name': 'MiLsura', 'address': 'ул. Бекмаханова, 17, Алматы', 'website': '', 'phone': [], 'social': []}"
203,"{'ID': 204, 'name': 'Автосервис', 'address': 'ул. Таштитова, 62, Алматы', 'website': 'dialog-a-s.kz', 'phone': ['+7 (707) 030-30-50'], 'social': []}"
204,"{'ID': 205, 'name': 'Tan service', 'address': '62, микрорайон Баянаул, Алматы', 'website': '', 'phone': ['+7 (777) 172-43-43'], 'social': []}"
205,"{'ID': 206, 'name': 'AidaMotors', 'address': 'Алматинская ул., 18, массив Барысхан, Тараз', 'website': 'aidamotors.kz', 'phone': ['+7 (727) 302-55-77'], 'social': ['https://viber.click/77017111568', 'https://wa.me/77017111568']}"
206,"{'ID': 207, 'name': 'LADAShop', 'address': 'ул. Утемисова, 11, Алатауский район, микрорайон Шанырак-1, Алматы', 'website': 'ladashop.kz', 'phone': ['+7 (778) 969-52-22'], 'social': ['https://wa.me/87789695222']}"
207,"{'ID': 208, 'name': 'Formula7', 'address': 'ул. Садовникова, 99, Алматы', 'website': 'f7.kz', 'phone': ['+7 (707) 707-72-10'], 'social': ['https://www.youtube.com/channel/UCz-eFcy44aEYHge39f3cwzA']}"
208,"{'ID': 209, 'name': 'Автомастерская № 1', 'address': '57А, микрорайон Баянаул, Алматы', 'website': '', 'phone': [], 'social': []}"
209,"{'ID': 210, 'name': 'Кузoff', 'address': 'ул. Переходько, 5, Алатауский район, микрорайон Акбулак, Алматы', 'website': '', 'phone': ['+7 (778) 803-68-08'], 'social': []}"
210,"{'ID': 211, 'name': 'Qarasu Motors', 'address': 'ул. Баганалы Орда, 64, Алматы', 'website': '', 'phone': ['+7 (701) 472-75-55'], 'social': []}"
211,"{'ID': 212, 'name': 'Автомастерская', 'address': 'Алматинская область, Карасайский район, село Иргели', 'website': '', 'phone': [], 'social': []}"
212,"{'ID': 213, 'name': 'СТО', 'address': 'ул. Барыс, 108, Алматы', 'website': '', 'phone': [], 'social': []}"
213,"{'ID': 214, 'name': 'Автосервис', 'address': 'Алматы, улица Сазсырнай', 'website': '', 'phone': [], 'social': []}"
214,"{'ID': 215, 'name': 'Aibar', 'address': 'ул. Жансугурова, 176А/1, Алматы', 'website': '', 'phone': ['+7 (747) 790-90-20'], 'social': []}"
215,"{'ID': 216, 'name': 'СТО', 'address': 'ул. Алтын Орда, 5/1, Алматы', 'website': '', 'phone': [], 'social': []}"
216,"{'ID': 217, 'name': 'Gt oil service', 'address': 'Центральная ул., 61, поселок 71-й Разъезд', 'website': 'gtoilservice.kz', 'phone': ['+7 (707) 740-01-40'], 'social': []}"
217,"{'ID': 218, 'name': 'Шиномонтаж', 'address': 'ул. Бекхожина, 1Б, Алматы', 'website': '', 'phone': ['+7 (777) 513-47-07'], 'social': []}"
218,"{'ID': 219, 'name': 'Группа компаний Vartech', 'address': '40Г, микрорайон Айнабулак-2, Алматы', 'website': 'vartech.kz', 'phone': ['+7 (727) 294-00-00'], 'social': []}"
219,"{'ID': 220, 'name': 'AquaService', 'address': 'ул. Жандосова, 87, Алматы', 'website': 'aquaservice.kz', 'phone': ['+7 (701) 539-02-02'], 'social': ['https://vk.com/aqua_servicekz']}"
220,"{'ID': 221, 'name': 'Автосервис', 'address': 'ул. Беркимбая Паримбетова, 11А, микрорайон Таугуль-3, Алматы', 'website': '', 'phone': [], 'social': []}"
221,"{'ID': 222, 'name': 'Turbo Diesel', 'address': 'просп. Гагарина, 236Б, Алматы', 'website': 'turbo-diesel.kz', 'phone': ['+7 (727) 396-03-45'], 'social': []}"
222,"{'ID': 223, 'name': 'Sct Service', 'address': 'пер. 20-я линия, 27, Алматы', 'website': 'www.sct.kz', 'phone': ['+7 (727) 394-12-85'], 'social': []}"
223,"{'ID': 224, 'name': 'СТО', 'address': 'Лисаковская ул., 245, Алматы', 'website': '', 'phone': [], 'social': []}"
224,"{'ID': 225, 'name': 'Ti detailing&autoservice', 'address': 'ул. Назыра Торекулова, 127Б, Алматы', 'website': '', 'phone': ['+7 (705) 117-11-44'], 'social': []}"
225,"{'ID': 226, 'name': 'Верный', 'address': 'ул. Тлендиева, 258Д, Алматы', 'website': '', 'phone': ['+7 (707) 917-05-11'], 'social': []}"
226,"{'ID': 227, 'name': 'American Motors', 'address': 'ул. Домбровского, 1, Алматы', 'website': 'www.americanmotors.kz', 'phone': ['+7 (701) 515-52-15'], 'social': []}"
227,"{'ID': 228, 'name': 'Aster Renault Бесагаш', 'address': 'ул. Райымбек Батыра, 165/1, село Бесагаш', 'website': 'aster-renault.kz', 'phone': ['+7 (708) 941-08-78'], 'social': []}"
228,"{'ID': 229, 'name': 'Май ауыстыру бекетi', 'address': 'ул. Зияткер, 2, Алматы', 'website': '', 'phone': [], 'social': []}"
229,"{'ID': 230, 'name': 'Ремонт печек', 'address': 'ул. Ырысты, 28А, Алатауский район, Алматы', 'website': '', 'phone': ['+7 (702) 662-02-22'], 'social': []}"
230,"{'ID': 231, 'name': 'Гиперавто, ремонт и покраска кузова', 'address': 'просп. Рыскулова, 139В, Алматы', 'website': 'giperauto.kz', 'phone': ['+7 (701) 531-77-72'], 'social': ['https://wa.me/77015317776']}"
231,"{'ID': 232, 'name': 'ЗамуRRчательный', 'address': 'ул. Досмухамедова, 46Б, Алматы', 'website': '', 'phone': ['+7 (777) 399-88-33'], 'social': []}"
232,"{'ID': 233, 'name': 'СТО', 'address': 'Наманганская ул., 47, Алматы', 'website': '', 'phone': ['+7 (747) 616-64-66'], 'social': []}"
233,"{'ID': 234, 'name': 'Persiya Motors', 'address': 'просп. Суюнбая, 143А, Алматы', 'website': '', 'phone': ['+7 (777) 845-55-05'], 'social': []}"
234,"{'ID': 235, 'name': 'Российские Грузовики', 'address': 'просп. Рыскулова, 149/1, Алматы', 'website': 'www.kamaz-service.kz', 'phone': ['+7 (727) 245-14-72'], 'social': ['https://vk.com/kamazservic']}"
235,"{'ID': 236, 'name': 'Ravenol', 'address': 'просп. Рыскулова, 51А, Алматы', 'website': 'www.ravenol.kz', 'phone': ['+7 (777) 351-35-93'], 'social': []}"
236,"{'ID': 237, 'name': 'Autoboom', 'address': 'ул. Ауэзова, 32, Алматы', 'website': 'forcar.kz', 'phone': ['+7 (727) 277-53-11'], 'social': []}"
237,"{'ID': 238, 'name': 'Автосервис, автотехцентр', 'address': 'ул. Ахметова, 1/3А, Алматы', 'website': '', 'phone': [], 'social': []}"
238,"{'ID': 239, 'name': 'Терек', 'address': 'Алматы, проспект Рыскулова', 'website': '', 'phone': [], 'social': []}"
239,"{'ID': 240, 'name': 'Sct Service', 'address': 'просп. Рыскулова, 274, Алматы', 'website': 'www.din.kz', 'phone': ['+7 (727) 256-88-88'], 'social': ['https://vk.com/sctservice']}"
240,"{'ID': 241, 'name': 'Garant service', 'address': 'просп. Рыскулова, 103/21Б, Алматы', 'website': '', 'phone': ['+7 (700) 099-98-45'], 'social': []}"
241,"{'ID': 242, 'name': '', 'address': '', 'website': '', 'phone': [], 'social': []}"
242,"{'ID': 243, 'name': 'Senym AutoGaz', 'address': 'просп. Райымбека, 540/2, Алматы', 'website': 'senymautogaz.kz', 'phone': ['+7 (771) 993-99-90'], 'social': []}"
243,"{'ID': 244, 'name': 'Дом колодок', 'address': 'ул. Тлендиева, 164, Алматы', 'website': 'www.domkolodok.kz', 'phone': ['+7 (708) 951-31-85'], 'social': ['https://t.me/+77089513185', 'https://wa.me/77089513185', 'https://www.youtube.com/channel/UCcxV9HKjiR3h7PaUrIj15GA/featured']}"
244,"{'ID': 245, 'name': 'Pajero Garage', 'address': 'просп. Суюнбая, 43, Алматы', 'website': '', 'phone': ['+7 (777) 072-04-04'], 'social': ['http://youtube.com/channel/UCvlXQ7Db8y1dfe3QNo8Udtw']}"
245,"{'ID': 246, 'name': 'Автосервис', 'address': 'ул. Розыбакиева, 96, Алматы', 'website': 'ala-car-service.business.site', 'phone': ['+7 (707) 417-31-30'], 'social': []}"
246,"{'ID': 247, 'name': 'Авто Mix', 'address': 'просп. Суюнбая, 407, Алматы', 'website': '', 'phone': ['+7 (707) 204-00-09'], 'social': []}"
247,"{'ID': 248, 'name': 'Магазин автотоваров', 'address': 'просп. Абылай Хана, 33, Алматы', 'website': '', 'phone': [], 'social': []}"
248,"{'ID': 249, 'name': 'Chevrolet Aster', 'address': 'Алматинская область, Талгарский район, село Бесагаш', 'website': 'aster-ala.chevrolet-auto.kz', 'phone': ['+7 (708) 941-08-12'], 'social': []}"
249,"{'ID': 250, 'name': 'Автосервис', 'address': '24Б, микрорайон Аксай-5, Алматы', 'website': '', 'phone': ['+7 (708) 164-90-06'], 'social': []}"
250,"{'ID': 251, 'name': 'Das Auto', 'address': 'просп. Райымбека, 520/1, Алматы', 'website': 'dasauto.kz', 'phone': [], 'social': []}"
